title,year,km,currency,price,location,link,ratio
Chevrolet Sonic 1.6 Lt,2013,118000,U$S,5419,Capital Federal - Capital Federal,https://auto.mercadolibre.com.ar/MLA-917274391-chevrolet-sonic-16-lt-mt-2013-_JM#position=1&search_layout=grid&type=item&tracking_id=0fa1270f-e87b-4a09-882f-7101eb547a84,3.1480572123820454
Chevrolet Sonic 1.6 Ltz Mt Mx,2015,51700,U$S,6967,Almirante Brown - Bs.As. G.B.A. Sur,https://auto.mercadolibre.com.ar/MLA-919066266-chevrolet-sonic-16-ltz-mt-mx-2015-_JM#position=2&search_layout=grid&type=item&tracking_id=0fa1270f-e87b-4a09-882f-7101eb547a84,5.594209119032832
Chevrolet Sonic 1.6 Ltz 5 P,2013,100120,U$S,4838,Capital Federal - Capital Federal,https://auto.mercadolibre.com.ar/MLA-920009752-chevrolet-sonic-ltz-_JM#position=3&search_layout=grid&type=item&tracking_id=0fa1270f-e87b-4a09-882f-7101eb547a84,4.155823264253215
Chevrolet Sonic 1.6 Ltz Mt,2013,75000,U$S,7676,General San Martín - Bs.As. G.B.A. Norte,https://auto.mercadolibre.com.ar/MLA-908116237-chevrolet-sonic-2013-ltz-_JM#position=4&search_layout=grid&type=item&tracking_id=0fa1270f-e87b-4a09-882f-7101eb547a84,3.4966128191766543
Chevrolet Sonic 1.6 Ltz 5 P,2016,63245,U$S,8322,Capital Federal - Capital Federal,https://auto.mercadolibre.com.ar/MLA-918062597-chevrolet-sonic-ltz-_JM#position=5&search_layout=grid&type=item&tracking_id=0fa1270f-e87b-4a09-882f-7101eb547a84,3.8303337696987882
Chevrolet Sonic 1.6 Ltz Mt Mx,2016,63200,U$S,8322,Capital Federal - Capital Federal,https://auto.mercadolibre.com.ar/MLA-915271993-chevrolet-sonic-16-ltz-mt-mx-_JM#position=6&search_layout=grid&type=item&tracking_id=0fa1270f-e87b-4a09-882f-7101eb547a84,3.8330610643132887
Chevrolet Sonic 1.6 Lt,2013,83000,U$S,5664,Almirante Brown - Bs.As. G.B.A. Sur,https://auto.mercadolibre.com.ar/MLA-920841760-chevrolet-sonic-lt-sedan-4-ptas-16-255-_JM#position=7&search_layout=grid&type=item&tracking_id=0fa1270f-e87b-4a09-882f-7101eb547a84,4.2819583418419445
Chevrolet Sonic 1.6 Ltz Mt,2014,126000,U$S,6193,Pilar - Bs.As. G.B.A. Norte,https://auto.mercadolibre.com.ar/MLA-919431683-chevrolet-sonic-ltz-_JM#position=8&search_layout=grid&type=item&tracking_id=0fa1270f-e87b-4a09-882f-7101eb547a84,2.58099902860116
Chevrolet Sonic 1.6 Lt Mx 5 P,2014,76000,U$S,6000,Córdoba - Córdoba,https://auto.mercadolibre.com.ar/MLA-915614508-chevrolet-sonic-16-lt-mx-5-p-2014-_JM#position=9&search_layout=grid&type=item&tracking_id=0fa1270f-e87b-4a09-882f-7101eb547a84,4.416666666666667
Chevrolet Sonic 1.6 Ltz 4 P,2013,123000,U$S,5354,Santa Fe capital - Santa Fe,https://auto.mercadolibre.com.ar/MLA-916451175-chevrolet-sonic-_JM#position=10&search_layout=grid&type=item&tracking_id=0fa1270f-e87b-4a09-882f-7101eb547a84,3.0567526444782565
Chevrolet Sonic 1.6 Lt,2013,85000,U$S,5612,Almirante Brown - Bs.As. G.B.A. Sur,https://auto.mercadolibre.com.ar/MLA-921071097-chevrolet-sonic-16-lt-2013-_JM#position=11&search_layout=grid&type=item&tracking_id=0fa1270f-e87b-4a09-882f-7101eb547a84,4.219948849104859
Chevrolet Sonic Sonic Ltz  4 Ptas.,2016,62000,U$S,7677,Capital Federal - Capital Federal,https://auto.mercadolibre.com.ar/MLA-918280198-chevrolet-sonic-ltz-4-ptas-2016-_JM#position=12&search_layout=grid&type=item&tracking_id=0fa1270f-e87b-4a09-882f-7101eb547a84,4.235525469878606
Chevrolet Sonic 1.6 Ltz 5 P Manual,2012,89000,U$S,5483,Capital Federal - Capital Federal,https://auto.mercadolibre.com.ar/MLA-921886530-chevrolet-sonic-2012-16-ltz-5-p-manual-_JM#position=13&search_layout=grid&type=item&tracking_id=0fa1270f-e87b-4a09-882f-7101eb547a84,4.123060655304342
Chevrolet Sonic 1.6 Lt,2013,134000,U$S,5225,Capital Federal - Capital Federal,https://auto.mercadolibre.com.ar/MLA-921351123-chevrolet-sonic-16-lt-2013-_JM#position=14&search_layout=grid&type=item&tracking_id=0fa1270f-e87b-4a09-882f-7101eb547a84,2.875098193244305
Chevrolet Sonic 1.6 Lt,2012,93000,U$S,5032,Lanús - Bs.As. G.B.A. Sur,https://auto.mercadolibre.com.ar/MLA-916675953-chevrolet-sonic-16-lt-2012-_JM#position=15&search_layout=grid&type=item&tracking_id=0fa1270f-e87b-4a09-882f-7101eb547a84,4.299365779441681
Chevrolet Sonic 1.6 Lt Mx 5 P,2014,96500,U$S,6129,Mar del Plata - Bs.As. Costa Atlántica,https://auto.mercadolibre.com.ar/MLA-918771880-chevrolet-sonic-16-lt-mx-5-p-2014-_JM#position=16&search_layout=grid&type=item&tracking_id=0fa1270f-e87b-4a09-882f-7101eb547a84,3.405199269251676
Chevrolet Sonic 1.6 Ltz Mt Mx,2015,90000,U$S,6967,Capital Federal - Capital Federal,https://auto.mercadolibre.com.ar/MLA-917380118-chevrolet-sonic-16-ltz-mt-mx-2015-_JM#position=17&search_layout=grid&type=item&tracking_id=0fa1270f-e87b-4a09-882f-7101eb547a84,3.21356234948886
Chevrolet Sonic 1.6 Lt,2013,83000,U$S,5387,Capital Federal - Capital Federal,https://auto.mercadolibre.com.ar/MLA-914447525-chevrolet-_JM#position=18&search_layout=grid&type=item&tracking_id=0fa1270f-e87b-4a09-882f-7101eb547a84,4.502137005419114
Chevrolet Sonic 1.6 Ltz At Mx 4 P,2014,82000,U$S,6774,Hurlingham - Bs.As. G.B.A. Oeste,https://auto.mercadolibre.com.ar/MLA-921494906-chevrolet-sonic-16-ltz-at-2014-_JM#position=19&search_layout=grid&type=item&tracking_id=0fa1270f-e87b-4a09-882f-7101eb547a84,3.6257714215760406
Chevrolet Sonic 1.6 Ltz Mt Mx,2015,52000,U$S,7225,Capital Federal - Capital Federal,https://auto.mercadolibre.com.ar/MLA-915797148-chevrolet-sonic-16-ltz-mt-mx-2015-_JM#position=20&search_layout=grid&type=item&tracking_id=0fa1270f-e87b-4a09-882f-7101eb547a84,5.3633217993079585
Chevrolet Sonic 1.6 Ltz Mt,2014,73000,U$S,6774,La Plata - Bs.As. G.B.A. Sur,https://auto.mercadolibre.com.ar/MLA-916152897-chevrolet-sonic-16-ltz-mt-2014-_JM#position=21&search_layout=grid&type=item&tracking_id=0fa1270f-e87b-4a09-882f-7101eb547a84,4.072784336564867
Chevrolet Sonic 1.6 Lt,2012,106000,U$S,5090,Capital Federal - Capital Federal,https://auto.mercadolibre.com.ar/MLA-918667120-chevrolet-sonic-16-lt-2012-_JM#position=22&search_layout=grid&type=item&tracking_id=0fa1270f-e87b-4a09-882f-7101eb547a84,3.7291025688549504
Chevrolet Sonic 1.6 Ltz Mt,2014,105607,U$S,7419,Caseros - Bs.As. G.B.A. Oeste,https://auto.mercadolibre.com.ar/MLA-916830215-chevrolet-sonic-16-ltz-mt-_JM#position=23&search_layout=grid&type=item&tracking_id=0fa1270f-e87b-4a09-882f-7101eb547a84,2.5705223804222186
Chevrolet Sonic 1.6 Ltz Mt,2013,108000,U$S,5806,Merlo - Bs.As. G.B.A. Oeste,https://auto.mercadolibre.com.ar/MLA-920927766-chevrolet-sonic-16-ltz-mt-2013-_JM#position=24&search_layout=grid&type=item&tracking_id=0fa1270f-e87b-4a09-882f-7101eb547a84,3.210280552684962
Chevrolet Sonic 1.6 Ltz 5 P Manual,2012,90000,U$S,5161,Caseros - Bs.As. G.B.A. Oeste,https://auto.mercadolibre.com.ar/MLA-919739160-chevrolet-sonic-2012-16-ltz-5-p-manual-_JM#position=25&search_layout=grid&type=item&tracking_id=0fa1270f-e87b-4a09-882f-7101eb547a84,4.331632543219445
Chevrolet Sonic 1.6 Ltz 5 P Manual,2012,142000,U$S,5096,Córdoba - Córdoba,https://auto.mercadolibre.com.ar/MLA-914672308-chevrolet-sonic-2012-16-ltz-5-p-manual-_JM#position=26&search_layout=grid&type=item&tracking_id=0fa1270f-e87b-4a09-882f-7101eb547a84,2.7804187763946313
Chevrolet Sonic 1.6 Lt Mx 4 P,2016,37580,U$S,7096,Vicente López - Bs.As. G.B.A. Norte,https://auto.mercadolibre.com.ar/MLA-918113894-chevrolet-sonic-16-lt-mx-4-p-2016-_JM#position=27&search_layout=grid&type=item&tracking_id=0fa1270f-e87b-4a09-882f-7101eb547a84,7.559971272109166
Chevrolet Sonic 1.6 Lt Mx 4 P,2014,84000,U$S,6774,Pergamino - Buenos Aires Interior,https://auto.mercadolibre.com.ar/MLA-914872628-chevrolet-sonic-lt-2014-84000km-_JM#position=28&search_layout=grid&type=item&tracking_id=0fa1270f-e87b-4a09-882f-7101eb547a84,3.5394435305861345
Chevrolet Sonic 1.6 Ltz Mx,2015,47000,U$S,8064,Capital Federal - Capital Federal,https://auto.mercadolibre.com.ar/MLA-917009326-chevrolet-sonic-16-ltz-mx-_JM#position=29&search_layout=grid&type=item&tracking_id=0fa1270f-e87b-4a09-882f-7101eb547a84,5.316510469436001
Chevrolet Sonic 1.6 Ltz 5 P,2016,122000,U$S,6774,Pilar - Bs.As. G.B.A. Norte,https://auto.mercadolibre.com.ar/MLA-916807515-chevrolet-sonic-16-ltz-5-p-2016-_JM#position=30&search_layout=grid&type=item&tracking_id=0fa1270f-e87b-4a09-882f-7101eb547a84,2.439413959836792
Chevrolet Sonic 1.6 Lt Mx 5 P,2014,147000,U$S,6129,Capital Federal - Capital Federal,https://auto.mercadolibre.com.ar/MLA-919023271-chevrolet-sonic-16-lt-mx-5-p-2014-_JM#position=31&search_layout=grid&type=item&tracking_id=0fa1270f-e87b-4a09-882f-7101eb547a84,2.2353859148488895
Chevrolet Sonic 1.6 Ltz Mt,2013,39620,U$S,6322,Capital Federal - Capital Federal,https://auto.mercadolibre.com.ar/MLA-919148154-chevrolet-sonic-16-ltz-mt-189485-c-_JM#position=32&search_layout=grid&type=item&tracking_id=0fa1270f-e87b-4a09-882f-7101eb547a84,8.036645506560985
Chevrolet Sonic 1.6 Ltz Mt,2013,104800,U$S,6129,Pilar - Bs.As. G.B.A. Norte,https://auto.mercadolibre.com.ar/MLA-918676596-chevrolet-sonic-16-ltz-mt-_JM#position=33&search_layout=grid&type=item&tracking_id=0fa1270f-e87b-4a09-882f-7101eb547a84,3.133955827569844
Chevrolet Sonic 1.6 Ltz Mt Mx,2016,82800,U$S,7483,Morón - Bs.As. G.B.A. Oeste,https://auto.mercadolibre.com.ar/MLA-917306871-chevrolet-sonic-16-ltz-mt-mx-_JM#position=34&search_layout=grid&type=item&tracking_id=0fa1270f-e87b-4a09-882f-7101eb547a84,3.2537519827551145
Chevrolet Sonic 1.6 Lt,2013,126000,U$S,5354,Capital Federal - Capital Federal,https://auto.mercadolibre.com.ar/MLA-906278623-chevrolet-sonic-16-lt-2013-permuto-financio-_JM#position=35&search_layout=grid&type=item&tracking_id=0fa1270f-e87b-4a09-882f-7101eb547a84,2.9839728196097264
Chevrolet Sonic 1.6 Lt,2013,81000,U$S,5483,Mercedes - Buenos Aires Interior,https://auto.mercadolibre.com.ar/MLA-909251975-chevrolet-sonic-16-lt-2013-_JM#position=36&search_layout=grid&type=item&tracking_id=0fa1270f-e87b-4a09-882f-7101eb547a84,4.5325281509852005
Chevrolet Sonic 1.6 Lt,2014,78000,U$S,4419,Avellaneda - Bs.As. G.B.A. Sur,https://auto.mercadolibre.com.ar/MLA-912633217-chevrolet-sonic-lt-_JM#position=37&search_layout=grid&type=item&tracking_id=0fa1270f-e87b-4a09-882f-7101eb547a84,5.843066942863277
Chevrolet Sonic 1.6 Ltz Mt Mx,2015,74000,U$S,7354,Pilar - Bs.As. G.B.A. Norte,https://auto.mercadolibre.com.ar/MLA-913949805-chevrolet-sonic-ltz-cgnc-4-puertas-tute-cars-_JM#position=38&search_layout=grid&type=item&tracking_id=0fa1270f-e87b-4a09-882f-7101eb547a84,3.702710052995612
Chevrolet Sonic 1.6 Ltz At Mx 4 P,2015,109185,U$S,5741,San Isidro - Bs.As. G.B.A. Norte,https://auto.mercadolibre.com.ar/MLA-911291659-chevrolet-sonic-16-ltz-at-mx-4-p-2015-_JM#position=39&search_layout=grid&type=item&tracking_id=0fa1270f-e87b-4a09-882f-7101eb547a84,3.214582123029205
Chevrolet Sonic Ltz,2015,81000,U$S,6774,Lanús - Bs.As. G.B.A. Sur,https://auto.mercadolibre.com.ar/MLA-920775217-chevrolet-sonic-ltz-16-2015-di-buono-_JM#position=40&search_layout=grid&type=item&tracking_id=0fa1270f-e87b-4a09-882f-7101eb547a84,3.672356541168666
Chevrolet Sonic 1.6 Ltz Mt Mx,2016,30700,U$S,8322,Lanús - Bs.As. G.B.A. Sur,https://auto.mercadolibre.com.ar/MLA-919160605-chevrolet-sonic-16-ltz-mt-mx-_JM#position=41&search_layout=grid&type=item&tracking_id=0fa1270f-e87b-4a09-882f-7101eb547a84,7.8908618652964115
Chevrolet Sonic 1.6 Lt,2013,116000,U$S,3548,Avellaneda - Bs.As. G.B.A. Sur,https://auto.mercadolibre.com.ar/MLA-920035165-chevrolet-sonic-lt-_JM#position=42&search_layout=grid&type=item&tracking_id=0fa1270f-e87b-4a09-882f-7101eb547a84,4.891050810558644
Chevrolet Sonic 1.6 Ltz,2012,130000,U$S,5806,Lanús - Bs.As. G.B.A. Sur,https://auto.mercadolibre.com.ar/MLA-904945484-chevrolet-sonic-16-ltz-2012-_JM#position=43&search_layout=grid&type=item&tracking_id=0fa1270f-e87b-4a09-882f-7101eb547a84,2.6656774159357695
Chevrolet Sonic 1.6 Ltz 5 P,2016,31000,U$S,8709,Almirante Brown - Bs.As. G.B.A. Sur,https://auto.mercadolibre.com.ar/MLA-920152854-chevrolet-sonic-16-ltz-mt-mx-manual-mod-16-automotores-sant-_JM#position=44&search_layout=grid&type=item&tracking_id=0fa1270f-e87b-4a09-882f-7101eb547a84,7.467247452579645
Chevrolet Sonic 1.6 Ltz 4 P,2016,119000,U$S,6967,Berazategui - Bs.As. G.B.A. Sur,https://auto.mercadolibre.com.ar/MLA-915052705-chevrolet-sonic-ltz-_JM#position=45&search_layout=grid&type=item&tracking_id=0fa1270f-e87b-4a09-882f-7101eb547a84,2.4316314727412425
Chevrolet Sonic 1.6 Lt Mx 5 P,2015,98000,U$S,6193,Capital Federal - Capital Federal,https://auto.mercadolibre.com.ar/MLA-915675595-chevrolet-sonic-_JM#position=46&search_layout=grid&type=item&tracking_id=0fa1270f-e87b-4a09-882f-7101eb547a84,3.3200750023891357
Chevrolet Sonic 1.6 Lt,2016,45000,U$S,5161,Berazategui - Bs.As. G.B.A. Sur,https://auto.mercadolibre.com.ar/MLA-920512427-chevrolet-sonic-lt-2016-_JM#position=47&search_layout=grid&type=item&tracking_id=0fa1270f-e87b-4a09-882f-7101eb547a84,8.680488277465608
Chevrolet Sonic 1.6 Ltz Mt,2014,75000,U$S,6774,General San Martín - Bs.As. G.B.A. Norte,https://auto.mercadolibre.com.ar/MLA-920787754-chevrolet-sonic-16-ltz-mt-2014-_JM#position=48&search_layout=grid&type=item&tracking_id=0fa1270f-e87b-4a09-882f-7101eb547a84,3.9641767542564708
Chevrolet Sonic 1.6 Ltz Mt Mx,2016,63000,U$S,8322,General San Martín - Bs.As. G.B.A. Norte,https://auto.mercadolibre.com.ar/MLA-914883333-chevrolet-sonic-16-ltz-mt-5-puertas-unica-mano-_JM#position=1&search_layout=grid&type=item&tracking_id=91c59cb0-253c-4a82-aa9a-23e2e1a184d7,3.845229512136506
Chevrolet Sonic 1.6 Ltz 4 P,2013,108000,U$S,5903,Guaymallén - Mendoza,https://auto.mercadolibre.com.ar/MLA-920061464-chevrolet-sonic-ltz-16-2013-_JM#position=2&search_layout=grid&type=item&tracking_id=91c59cb0-253c-4a82-aa9a-23e2e1a184d7,3.1575281871741296
Chevrolet Sonic 1.6 4p Lt L/15,2015,106800,U$S,6129,Córdoba - Córdoba,https://auto.mercadolibre.com.ar/MLA-914195533-chevrolet-sonic-16-4p-lt-l15-2015-_JM#position=3&search_layout=grid&type=item&tracking_id=91c59cb0-253c-4a82-aa9a-23e2e1a184d7,3.0783229235604295
Chevrolet Sonic 1.6 4p Lt,2015,106800,U$S,6129,Córdoba - Córdoba,https://auto.mercadolibre.com.ar/MLA-921657541-chevrolet-sonic-16-4p-lt-2015-_JM#position=4&search_layout=grid&type=item&tracking_id=91c59cb0-253c-4a82-aa9a-23e2e1a184d7,3.0783229235604295
Chevrolet Sonic 1.6 Ltz 5 P,2013,122000,U$S,5580,Ituzaingó - Bs.As. G.B.A. Oeste,https://auto.mercadolibre.com.ar/MLA-919282686-chevrolet-sonic-2013-16-ltz-5-p-_JM#position=5&search_layout=grid&type=item&tracking_id=91c59cb0-253c-4a82-aa9a-23e2e1a184d7,2.956989247311828
Chevrolet Sonic 1.6 Ltz Mt Mx,2015,59000,U$S,7419,Río Cuarto - Córdoba,https://auto.mercadolibre.com.ar/MLA-921349583-chevrolet-sonic-16-ltz-mt-5-ptas-mex-ano-2015-_JM#position=6&search_layout=grid&type=item&tracking_id=91c59cb0-253c-4a82-aa9a-23e2e1a184d7,4.603388916684372
Chevrolet Sonic 1.6 Lt,2014,42300,U$S,8000,Capital Federal - Capital Federal,https://auto.mercadolibre.com.ar/MLA-918343135-chevrolet-sonic-16-lt-2014-_JM#position=7&search_layout=grid&type=item&tracking_id=91c59cb0-253c-4a82-aa9a-23e2e1a184d7,5.951536643026005
Chevrolet Sonic 1.6 Ltz 4 P,2012,137000,U$S,5612,Rauch - Buenos Aires Interior,https://auto.mercadolibre.com.ar/MLA-917691739-chevrolet-sonic-2012-16-ltz-4-p-_JM#position=8&search_layout=grid&type=item&tracking_id=91c59cb0-253c-4a82-aa9a-23e2e1a184d7,2.616915785256827
Chevrolet Sonic 1.6 Lt,2013,98000,U$S,5096,La Matanza - Bs.As. G.B.A. Oeste,https://auto.mercadolibre.com.ar/MLA-920401172-chevrolet-sonic-_JM#position=9&search_layout=grid&type=item&tracking_id=91c59cb0-253c-4a82-aa9a-23e2e1a184d7,4.030772434562523
Chevrolet Sonic 1.6 Lt,2015,106800,U$S,6129,Córdoba - Córdoba,https://auto.mercadolibre.com.ar/MLA-920203044-chevrolet-sonic-16-lt-4-ptas-2015-_JM#position=10&search_layout=grid&type=item&tracking_id=91c59cb0-253c-4a82-aa9a-23e2e1a184d7,3.0783229235604295
Chevrolet Sonic 1.6 Ltz 5 P,2016,67000,U$S,7741,Pilar - Buenos Aires Interior,https://auto.mercadolibre.com.ar/MLA-919266427-chevrolet-sonic-16-ltz-5-p-2016-_JM#position=11&search_layout=grid&type=item&tracking_id=91c59cb0-253c-4a82-aa9a-23e2e1a184d7,3.887036847798213
Chevrolet Sonic 1.4,2016,50000,U$S,7096,Córdoba - Córdoba,https://auto.mercadolibre.com.ar/MLA-918235009-chevrolet-sonic-14-gnc-mod-2016-_JM#position=12&search_layout=grid&type=item&tracking_id=91c59cb0-253c-4a82-aa9a-23e2e1a184d7,5.682074408117249
Chevrolet Sonic 1.6 Ltz 4 P,2013,67000,U$S,5935,Ituzaingó - Bs.As. G.B.A. Oeste,https://auto.mercadolibre.com.ar/MLA-919399044-chevrolet-sonic-ltz-sedan-_JM#position=13&search_layout=grid&type=item&tracking_id=91c59cb0-253c-4a82-aa9a-23e2e1a184d7,5.0623043166643615
Chevrolet Sonic 1.6 Ltz 4 P,2012,82000,U$S,5290,Pergamino - Buenos Aires Interior,https://auto.mercadolibre.com.ar/MLA-918147582-chevrolet-sonic-2012-16-ltz-4-p-_JM#position=14&search_layout=grid&type=item&tracking_id=91c59cb0-253c-4a82-aa9a-23e2e1a184d7,4.638295910369312
Chevrolet Sonic 1.6 Lt Mx 5 P,2014,100000,U$S,4903,Caseros - Bs.As. G.B.A. Oeste,https://auto.mercadolibre.com.ar/MLA-914773210-chevrolet-sonic-16-lt-mx-5-p-2014-_JM#position=15&search_layout=grid&type=item&tracking_id=91c59cb0-253c-4a82-aa9a-23e2e1a184d7,4.107689169895981
Chevrolet Sonic 1.6 Lt Mx 5 P,2016,100000,U$S,6387,Rosario - Santa Fe,https://auto.mercadolibre.com.ar/MLA-918231279-chevrolet-sonic-16-lt-mx-5-p-2016-_JM#position=16&search_layout=grid&type=item&tracking_id=91c59cb0-253c-4a82-aa9a-23e2e1a184d7,3.1564114607797085
Chevrolet Sonic 1.6 Lt,2012,82500,U$S,5258,Capital Federal - Capital Federal,https://auto.mercadolibre.com.ar/MLA-919705958-chevrolet-sonic-16-lt-2012-_JM#position=17&search_layout=grid&type=item&tracking_id=91c59cb0-253c-4a82-aa9a-23e2e1a184d7,4.638242447295319
Chevrolet Sonic 1.6 Ltz Mt Mx,2015,85000,U$S,8064,Cañuelas - Buenos Aires Interior,https://auto.mercadolibre.com.ar/MLA-913245621-chevrolet-sonic-ltz-5ptas-mod-2015-excelente-_JM#position=18&search_layout=grid&type=item&tracking_id=91c59cb0-253c-4a82-aa9a-23e2e1a184d7,2.939717553688142
Chevrolet Sonic 1.6 Ltz 5 P,2016,131000,U$S,7806,Mercedes - Buenos Aires Interior,https://auto.mercadolibre.com.ar/MLA-920839284-chevrolet-sonic-ltz-16n-mt-_JM#position=19&search_layout=grid&type=item&tracking_id=91c59cb0-253c-4a82-aa9a-23e2e1a184d7,1.971472326043971
Chevrolet Sonic 1.6 Lt,2012,92000,U$S,3870,Lomas de Zamora - Bs.As. G.B.A. Sur,https://auto.mercadolibre.com.ar/MLA-917484394-chevrolet-sonic16-lt-con-gnc-2012-lpt-_JM#position=20&search_layout=grid&type=item&tracking_id=91c59cb0-253c-4a82-aa9a-23e2e1a184d7,5.651050443770363
Chevrolet Sonic 1.6 Lt,2012,113000,U$S,4903,Córdoba - Córdoba,https://auto.mercadolibre.com.ar/MLA-903432692-chevrolet-sonic-lt-16n-5-ptas-nafta-2012-_JM#position=21&search_layout=grid&type=item&tracking_id=91c59cb0-253c-4a82-aa9a-23e2e1a184d7,3.6315133050200434
Chevrolet Sonic 1.6 Lt,2012,92000,U$S,5832,Avellaneda - Bs.As. G.B.A. Sur,https://auto.mercadolibre.com.ar/MLA-914273101-chevrolet-sonic-16-lt-2012-lpt-_JM#position=22&search_layout=grid&type=item&tracking_id=91c59cb0-253c-4a82-aa9a-23e2e1a184d7,3.7499254487982348
Chevrolet Sonic 1.6 Ltz Mt Mx,2015,54000,U$S,6774,Capital Federal - Capital Federal,https://auto.mercadolibre.com.ar/MLA-915173155-chevrolet-sonic-16-ltz-mt-mx-2015-_JM#position=23&search_layout=grid&type=item&tracking_id=91c59cb0-253c-4a82-aa9a-23e2e1a184d7,5.508534811752999
Chevrolet Sonic 1.6 Lt,2012,92000,U$S,5832,Quilmes - Bs.As. G.B.A. Sur,https://auto.mercadolibre.com.ar/MLA-915398481-chevrolet-sonic-16-lt-2012-lpt-_JM#position=24&search_layout=grid&type=item&tracking_id=91c59cb0-253c-4a82-aa9a-23e2e1a184d7,3.7499254487982348
Chevrolet Sonic 1.6 Lt Mx 5 P,2016,60000,U$S,7096,La Matanza - Bs.As. G.B.A. Oeste,https://auto.mercadolibre.com.ar/MLA-904271913-chevrolet-sonic-lt-_JM#position=25&search_layout=grid&type=item&tracking_id=91c59cb0-253c-4a82-aa9a-23e2e1a184d7,4.735062006764375
Chevrolet Sonic 1.6 Ltz 4 P,2016,62000,U$S,8064,Hurlingham - Bs.As. G.B.A. Oeste,https://auto.mercadolibre.com.ar/MLA-909119052-chevrolet-sonic-16-ltz-4-p-2016-_JM#position=26&search_layout=grid&type=item&tracking_id=91c59cb0-253c-4a82-aa9a-23e2e1a184d7,4.032258064516129
Chevrolet Sonic 1.6 Ltz At Mx 4 P,2016,39000,U$S,8709,La Matanza - Bs.As. G.B.A. Oeste,https://auto.mercadolibre.com.ar/MLA-904271926-chevrolet-sonic-ltz-at-_JM#position=27&search_layout=grid&type=item&tracking_id=91c59cb0-253c-4a82-aa9a-23e2e1a184d7,5.935504385383821
Chevrolet Sonic 1.6 Ltz 4 P,2012,145000,U$S,5000,Merlo - Bs.As. G.B.A. Oeste,https://auto.mercadolibre.com.ar/MLA-914665217-chevrolet-sonic-2012-16-ltz-4-p-cgnc-_JM#position=28&search_layout=grid&type=item&tracking_id=91c59cb0-253c-4a82-aa9a-23e2e1a184d7,2.7751724137931033
Chevrolet Sonic 1.6 Lt Mx 5 P,2015,92000,U$S,6387,La Matanza - Bs.As. G.B.A. Oeste,https://auto.mercadolibre.com.ar/MLA-904269461-chevrolet-sonic-lt-_JM#position=30&search_layout=grid&type=item&tracking_id=91c59cb0-253c-4a82-aa9a-23e2e1a184d7,3.4291801961865476
Chevrolet Sonic 1.6 Ltz 4 P,2016,65000,U$S,7741,Tres de febrero - Bs.As. G.B.A. Oeste,https://auto.mercadolibre.com.ar/MLA-919876688-chevrolet-sonic-16-ltz-4-p-gnc-_JM#position=31&search_layout=grid&type=item&tracking_id=91c59cb0-253c-4a82-aa9a-23e2e1a184d7,4.0066379815766195
Chevrolet Sonic 1.6 Lt,2014,155519,U$S,5812,La Plata - Bs.As. G.B.A. Sur,https://auto.mercadolibre.com.ar/MLA-910721580-chevrolet-sonic-16-4-ptas-lt-2014-la-plata-777-_JM#position=32&search_layout=grid&type=item&tracking_id=91c59cb0-253c-4a82-aa9a-23e2e1a184d7,2.228180686663509
Chevrolet Sonic 1.6 Lt,2013,100000,U$S,5451,Maipú - Mendoza,https://auto.mercadolibre.com.ar/MLA-910995417-chevrolet-sonic-lt-16-5-ptas-2013-_JM#position=33&search_layout=grid&type=item&tracking_id=91c59cb0-253c-4a82-aa9a-23e2e1a184d7,3.6929003852504128
Chevrolet Sonic 1.6 Ltz 5 P Automática,2012,93000,U$S,6387,Lanús - Bs.As. G.B.A. Sur,https://auto.mercadolibre.com.ar/MLA-915214106-chevrolet-sonic-2012-16-ltz-5-p-automatica-_JM#position=34&search_layout=grid&type=item&tracking_id=91c59cb0-253c-4a82-aa9a-23e2e1a184d7,3.38725670927674
Chevrolet Sonic 1.6 Ltz 5 P Manual,2012,140000,U$S,4967,Córdoba - Córdoba,https://auto.mercadolibre.com.ar/MLA-918076047-chevrolet-sonic-ltz-2012-_JM#position=35&search_layout=grid&type=item&tracking_id=91c59cb0-253c-4a82-aa9a-23e2e1a184d7,2.893382035721476
Chevrolet Sonic 1.6 Ltz 5 P Manual,2012,92000,U$S,5483,San Miguel - Bs.As. G.B.A. Norte,https://auto.mercadolibre.com.ar/MLA-921531379-chevrolet-sonic-ltz-2012-_JM#position=36&search_layout=grid&type=item&tracking_id=91c59cb0-253c-4a82-aa9a-23e2e1a184d7,3.98861302524007
Chevrolet Sonic 1.6 Ltz At Mx 4 P,2015,105000,U$S,6774,Pilar - Buenos Aires Interior,https://auto.mercadolibre.com.ar/MLA-921838551-chevrolet-sonic-16-ltz-at-mx-4-p-2015-_JM#position=37&search_layout=grid&type=item&tracking_id=91c59cb0-253c-4a82-aa9a-23e2e1a184d7,2.832960760330114
Chevrolet Sonic 1.6 Ltz 4 P,2013,135000,U$S,5483,Córdoba - Córdoba,https://auto.mercadolibre.com.ar/MLA-913675603-chevrolet-sonic-2013-16-ltz-4-p-_JM#position=38&search_layout=grid&type=item&tracking_id=91c59cb0-253c-4a82-aa9a-23e2e1a184d7,2.71951689059112
Chevrolet Sonic 1.6 4p Lt L/15,2015,95000,U$S,7090,Córdoba - Córdoba,https://auto.mercadolibre.com.ar/MLA-914109075-chevrolet-sonic-16-4p-lt-l15-2015-_JM#position=40&search_layout=grid&type=item&tracking_id=91c59cb0-253c-4a82-aa9a-23e2e1a184d7,2.991611610125455
Chevrolet Sonic 1.6 Ltz Mt,2013,74000,U$S,6129,General San Martín - Bs.As. G.B.A. Norte,https://auto.mercadolibre.com.ar/MLA-876244332-chevrolet-sonic-_JM#position=41&search_layout=grid&type=item&tracking_id=91c59cb0-253c-4a82-aa9a-23e2e1a184d7,4.438359063909725
Chevrolet Sonic 1.6 Lt Mx 5 P,2016,93000,U$S,7670,Villa Carlos Paz - Córdoba,https://auto.mercadolibre.com.ar/MLA-914662363-chevrolet-sonic-lt-16n-93000km-2016-rojo-_JM#position=42&search_layout=grid&type=item&tracking_id=91c59cb0-253c-4a82-aa9a-23e2e1a184d7,2.8262606720780585
Chevrolet Sonic 1.6 Lt Mx 5 P,2016,87000,U$S,7419,Ezeiza - Bs.As. G.B.A. Sur,https://auto.mercadolibre.com.ar/MLA-916406492-chevrolet-sonic-lt-_JM#position=43&search_layout=grid&type=item&tracking_id=91c59cb0-253c-4a82-aa9a-23e2e1a184d7,3.123387760224215
Chevrolet Sonic 1.6 Lt Mx 4 P,2016,67000,U$S,7677,Ituzaingó - Bs.As. G.B.A. Oeste,https://auto.mercadolibre.com.ar/MLA-921689628-chevrolet-sonic-16-lt-mx-4-p-nuevo-_JM#position=44&search_layout=grid&type=item&tracking_id=91c59cb0-253c-4a82-aa9a-23e2e1a184d7,3.9194414795891586
Chevrolet Sonic 1.6 Lt,2012,116000,U$S,5806,Chivilcoy - Buenos Aires Interior,https://auto.mercadolibre.com.ar/MLA-911126447-chevrolet-sonic-lt-16-5p-2012-full-con-llantas-lev-vidrio-_JM#position=45&search_layout=grid&type=item&tracking_id=91c59cb0-253c-4a82-aa9a-23e2e1a184d7,2.9873971040659484
Chevrolet Sonic 1.6 Lt,2016,56000,U$S,7935,Junín - Buenos Aires Interior,https://auto.mercadolibre.com.ar/MLA-912444382-chevrolet-sonic-lt-con-solo-56000km-reales-dinoautomovile-_JM#position=46&search_layout=grid&type=item&tracking_id=91c59cb0-253c-4a82-aa9a-23e2e1a184d7,4.536862003780718
Chevrolet Sonic 1.6 Ltz Mt Mx,2016,96500,U$S,7935,Rosario - Santa Fe,https://auto.mercadolibre.com.ar/MLA-916592578-chevrolet-sonic-16-ltz-mt-mx-_JM#position=47&search_layout=grid&type=item&tracking_id=91c59cb0-253c-4a82-aa9a-23e2e1a184d7,2.632790385613681
Chevrolet Sonic 1.6 Ltz 4 P,2016,59000,U$S,8709,Capital Federal - Capital Federal,https://auto.mercadolibre.com.ar/MLA-921647112-chevrolet-sonic-16-ltz-_JM#position=48&search_layout=grid&type=item&tracking_id=91c59cb0-253c-4a82-aa9a-23e2e1a184d7,3.9234690005079487
Chevrolet Sonic 1.6 Lt,2013,82000,U$S,6129,Mar del Plata - Bs.As. Costa Atlántica,https://auto.mercadolibre.com.ar/MLA-918211122-chevrolet-sonic-16-lt-2013-_JM#position=1&search_layout=grid&type=item&tracking_id=02347818-9a4f-4f33-9cc9-75d68148adc9,4.005348423528288
Chevrolet Sonic 1.6 Ltz 5 P,2013,65000,U$S,7096,San Pedro - Buenos Aires Interior,https://auto.mercadolibre.com.ar/MLA-916934772-chevrolet-sonic-ltz-5p-_JM#position=3&search_layout=grid&type=item&tracking_id=02347818-9a4f-4f33-9cc9-75d68148adc9,4.364322261729251
Chevrolet Sonic 1.6 Lt,2012,83000,U$S,6967,Córdoba - Córdoba,https://auto.mercadolibre.com.ar/MLA-918159843-chevrolet-sonic-16-lt-mod-2015-impecable-83-mil-km-_JM#position=4&search_layout=grid&type=item&tracking_id=02347818-9a4f-4f33-9cc9-75d68148adc9,3.47939771141405
Chevrolet Sonic Vti 115,2012,60900,U$S,6322,La Matanza - Bs.As. G.B.A. Oeste,https://auto.mercadolibre.com.ar/MLA-860613148-chevrolet-sonic-2012-y-fac-romano-car-_JM#position=5&search_layout=grid&type=item&tracking_id=02347818-9a4f-4f33-9cc9-75d68148adc9,5.225841004566637
Chevrolet Sonic 1.6 Ltz,2012,75000,U$S,5741,Lanús - Bs.As. G.B.A. Sur,https://auto.mercadolibre.com.ar/MLA-917733754-chevrolet-sonic-ltz-16-cuero-el-mas-full-impecable-particul-_JM#position=6&search_layout=grid&type=item&tracking_id=02347818-9a4f-4f33-9cc9-75d68148adc9,4.672821227428439
Chevrolet Sonic 1.6 Lt,2013,121900,U$S,5800,La Plata - Bs.As. G.B.A. Sur,https://auto.mercadolibre.com.ar/MLA-913952505-chevrolet-sonic-_JM#position=7&search_layout=grid&type=item&tracking_id=02347818-9a4f-4f33-9cc9-75d68148adc9,2.847161324997878
Chevrolet Sonic 1.6 Ltz 4 P,2013,103000,U$S,6322,Ituzaingó - Bs.As. G.B.A. Oeste,https://auto.mercadolibre.com.ar/MLA-918415019-chevrolet-sonic-2013-16-ltz-4-p-_JM#position=8&search_layout=grid&type=item&tracking_id=02347818-9a4f-4f33-9cc9-75d68148adc9,3.091377621067439
Chevrolet Sonic 1.6 Ltz Mt,2014,120000,U$S,6322,Ituzaingó - Bs.As. G.B.A. Oeste,https://auto.mercadolibre.com.ar/MLA-911147356-chevrolet-sonic-16-ltz-mt-2014-_JM#position=9&search_layout=grid&type=item&tracking_id=02347818-9a4f-4f33-9cc9-75d68148adc9,2.654750606348202
Chevrolet Sonic 1.6 Lt,2012,107000,U$S,5290,Córdoba - Córdoba,https://auto.mercadolibre.com.ar/MLA-918079542-chevrolet-sonic-16-lt-full-full-recibo-menor-financio-_JM#position=10&search_layout=grid&type=item&tracking_id=02347818-9a4f-4f33-9cc9-75d68148adc9,3.554581912619472
Chevrolet Sonic 1.6 Ltz At Mx 5 P,2016,67000,U$S,7870,San Rafael - Mendoza,https://auto.mercadolibre.com.ar/MLA-912603977-sonic-16-5p-ltz-at-_JM#position=12&search_layout=grid&type=item&tracking_id=02347818-9a4f-4f33-9cc9-75d68148adc9,3.8233230290731854
Chevrolet Sonic 1.6 Lt,2015,81500,U$S,6258,La Matanza - Bs.As. G.B.A. Oeste,https://auto.mercadolibre.com.ar/MLA-921046449-chevrolet-sonic-16-lt-2015-_JM#position=13&search_layout=grid&type=item&tracking_id=02347818-9a4f-4f33-9cc9-75d68148adc9,3.9507712336797858
Chevrolet Sonic 1.6 Ltz Mt Mx,2016,37000,U$S,8064,Morón - Bs.As. G.B.A. Oeste,https://auto.mercadolibre.com.ar/MLA-786227760-chevrolet-sonic-16-ltz-mt-mx-_JM#position=14&search_layout=grid&type=item&tracking_id=02347818-9a4f-4f33-9cc9-75d68148adc9,6.756756756756757
Chevrolet Sonic 1.6 Ltz Mt Mx,2014,112000,U$S,6322,José C. Paz - Bs.As. G.B.A. Norte,https://auto.mercadolibre.com.ar/MLA-913821888-chevrolet-sonic-16-ltz-mt-mx-2014-_JM#position=15&search_layout=grid&type=item&tracking_id=02347818-9a4f-4f33-9cc9-75d68148adc9,2.844375649658788
Chevrolet Sonic 1.6 Ltz 5 P Automática,2012,30000,U$S,7096,Capital Federal - Capital Federal,https://auto.mercadolibre.com.ar/MLA-918494880-chevrolet-sonic-2012-16-ltz-5-p-automatica-_JM#position=16&search_layout=grid&type=item&tracking_id=02347818-9a4f-4f33-9cc9-75d68148adc9,9.451334084930478
Chevrolet Sonic 1.6 Lt,2016,45000,U$S,7096,San Fernando - Bs.As. G.B.A. Norte,https://auto.mercadolibre.com.ar/MLA-916467356-chevrolet-sonic-16-lt-2016-_JM#position=17&search_layout=grid&type=item&tracking_id=02347818-9a4f-4f33-9cc9-75d68148adc9,6.313416009019165
Chevrolet Sonic 1.6 Lt,2014,108000,U$S,5483,Lanús - Bs.As. G.B.A. Sur,https://auto.mercadolibre.com.ar/MLA-916019349-chevrolet-sonic-16-lt-2014-_JM#position=18&search_layout=grid&type=item&tracking_id=02347818-9a4f-4f33-9cc9-75d68148adc9,3.401084834606629
Chevrolet Sonic 1.6 Ltz 5 P Manual,2012,83700,U$S,5419,Esteban Echeverría - Bs.As. G.B.A. Sur,https://auto.mercadolibre.com.ar/MLA-920367392-chevrolet-sonic-2012-16-ltz-5-p-manual-_JM#position=19&search_layout=grid&type=item&tracking_id=02347818-9a4f-4f33-9cc9-75d68148adc9,4.435916549209681
Chevrolet Sonic 1.6 Ltz Mt,2013,92500,U$S,5483,Capital Federal - Capital Federal,https://auto.mercadolibre.com.ar/MLA-914012243-chevrolet-sonic-16-ltz-mt-2013-_JM#position=20&search_layout=grid&type=item&tracking_id=02347818-9a4f-4f33-9cc9-75d68148adc9,3.969024651132986
Chevrolet Sonic 1.6 Ltz At,2014,49000,U$S,6322,Capital Federal - Capital Federal,https://auto.mercadolibre.com.ar/MLA-916721234-chevrolet-sonic-16-ltz-at-2014-_JM#position=21&search_layout=grid&type=item&tracking_id=02347818-9a4f-4f33-9cc9-75d68148adc9,6.501430056362945
Chevrolet Sonic 1.6 Lt,2015,75000,U$S,6419,Pilar - Bs.As. G.B.A. Norte,https://auto.mercadolibre.com.ar/MLA-918694285-chevrolet-sonic-16-lt-2015-_JM#position=22&search_layout=grid&type=item&tracking_id=02347818-9a4f-4f33-9cc9-75d68148adc9,4.185490990289245
Chevrolet Sonic 1.6 Ltz 5 P Manual,2012,63000,U$S,5741,Capital Federal - Capital Federal,https://auto.mercadolibre.com.ar/MLA-920278284-chevrolet-sonic-2012-16-ltz-_JM#position=23&search_layout=grid&type=item&tracking_id=02347818-9a4f-4f33-9cc9-75d68148adc9,5.562882413605284
Chevrolet Sonic 1.6 Ltz Mt Mx,2015,52000,U$S,6967,General San Martín - Bs.As. G.B.A. Norte,https://auto.mercadolibre.com.ar/MLA-919615729-chevrolet-sonic-16-ltz-mt-mx-2015-_JM#position=24&search_layout=grid&type=item&tracking_id=02347818-9a4f-4f33-9cc9-75d68148adc9,5.561934835653796
Chevrolet Sonic 1.6 Ltz At Mx 5 P,2014,76000,U$S,6451,Morón - Bs.As. G.B.A. Oeste,https://auto.mercadolibre.com.ar/MLA-921145359-chevrolet-sonic-16-ltz-at-mx-5-p-2014-_JM#position=26&search_layout=grid&type=item&tracking_id=02347818-9a4f-4f33-9cc9-75d68148adc9,4.1078902495737095
Chevrolet Sonic 1.6 Lt,2015,110000,U$S,7096,Posadas - Misiones,https://auto.mercadolibre.com.ar/MLA-921231213-chevrolet-sonic-lt-2015-_JM#position=27&search_layout=grid&type=item&tracking_id=02347818-9a4f-4f33-9cc9-75d68148adc9,2.581479963103413
Chevrolet Sonic 1.6 Ltz Mt Mx,2014,51000,U$S,7741,Vicente López - Bs.As. G.B.A. Norte,https://auto.mercadolibre.com.ar/MLA-914514300-chevrolet-sonic-16-ltz-mt-mx-2014-_JM#position=28&search_layout=grid&type=item&tracking_id=02347818-9a4f-4f33-9cc9-75d68148adc9,5.101433416668566
Chevrolet Sonic 1.6 Ltz At,2013,100000,U$S,5483,La Matanza - Bs.As. G.B.A. Oeste,https://auto.mercadolibre.com.ar/MLA-915136429-chevrolet-sonic-16-ltz-at-2013-_JM#position=29&search_layout=grid&type=item&tracking_id=02347818-9a4f-4f33-9cc9-75d68148adc9,3.671347802298012
Chevrolet Sonic 1.6 Lt Mx 5 P,2016,21800,U$S,8064,Bahía Blanca - Buenos Aires Interior,https://auto.mercadolibre.com.ar/MLA-914337639-chevrolet-sonic-16-lt-mx-5-p-2016-_JM#position=30&search_layout=grid&type=item&tracking_id=02347818-9a4f-4f33-9cc9-75d68148adc9,11.46788990825688
Chevrolet Sonic 1.6 Lt,2013,113000,U$S,5096,Rosario - Santa Fe,https://auto.mercadolibre.com.ar/MLA-920480345-chevrolet-sonic-16-lt-2013-_JM#position=31&search_layout=grid&type=item&tracking_id=02347818-9a4f-4f33-9cc9-75d68148adc9,3.495714146788736
Chevrolet Sonic 1.6 Ltz At,2013,75000,U$S,6419,Capital Federal - Capital Federal,https://auto.mercadolibre.com.ar/MLA-921112263-chevrolet-sonic-16-ltz-at-2013-_JM#position=32&search_layout=grid&type=item&tracking_id=02347818-9a4f-4f33-9cc9-75d68148adc9,4.1813366568001245
Chevrolet Sonic 1.6 Lt,2014,57000,U$S,5935,Córdoba - Córdoba,https://auto.mercadolibre.com.ar/MLA-918849459-chevrolet-sonic-16-lt-2014-_JM#position=33&search_layout=grid&type=item&tracking_id=02347818-9a4f-4f33-9cc9-75d68148adc9,5.953383880932322
Chevrolet Sonic 1.6 Ltz Mt,2013,93000,U$S,6129,Mar del Plata - Bs.As. Costa Atlántica,https://auto.mercadolibre.com.ar/MLA-921589969-chevrolet-sonic-16-ltz-mt-2013-_JM#position=34&search_layout=grid&type=item&tracking_id=02347818-9a4f-4f33-9cc9-75d68148adc9,3.531597534723867
Chevrolet Sonic 1.6 Ltz Mt Mx 5p,2015,65500,U$S,7096,Córdoba - Córdoba,https://auto.mercadolibre.com.ar/MLA-917406931-chevrolet-sonic-16-ltz-mt-mx-5p-_JM#position=35&search_layout=grid&type=item&tracking_id=02347818-9a4f-4f33-9cc9-75d68148adc9,4.335309861700388
Chevrolet Sonic 1.6 Ltz 5 P,2013,55000,U$S,6258,Ituzaingó - Corrientes,https://auto.mercadolibre.com.ar/MLA-921438098-chevrolet-sonic-2013-16-ltz-5-p-_JM#position=36&search_layout=grid&type=item&tracking_id=02347818-9a4f-4f33-9cc9-75d68148adc9,5.848513902205178
Chevrolet Sonic 1.6 Ltz 4 P,2013,110000,U$S,5806,Capital Federal - Capital Federal,https://auto.mercadolibre.com.ar/MLA-913952965-chevrolet-sonic-_JM#position=37&search_layout=grid&type=item&tracking_id=02347818-9a4f-4f33-9cc9-75d68148adc9,3.151911815363417
Chevrolet Sonic 1.6 Ltz At Mx 4 P,2014,120000,U$S,6129,Villa Carlos Paz - Córdoba,https://auto.mercadolibre.com.ar/MLA-921025460-chevrolet-sonic-ltz-2014-con-gnc-_JM#position=38&search_layout=grid&type=item&tracking_id=02347818-9a4f-4f33-9cc9-75d68148adc9,2.7383477456898895
Chevrolet Sonic 1.6 Ltz Mt,2014,102000,U$S,6387,José C. Paz - Bs.As. G.B.A. Norte,https://auto.mercadolibre.com.ar/MLA-922018907-chevrolet-sonic-16-ltz-mt-_JM#position=39&search_layout=grid&type=item&tracking_id=02347818-9a4f-4f33-9cc9-75d68148adc9,3.0914510786309197
Chevrolet Sonic 1.6 Ltz At Mx 4 P,2015,79000,U$S,6000,Pilar - Bs.As. G.B.A. Norte,https://auto.mercadolibre.com.ar/MLA-914898567-chevrolet-sonic-16-ltz-at-mx-4-p-2015-_JM#position=40&search_layout=grid&type=item&tracking_id=02347818-9a4f-4f33-9cc9-75d68148adc9,4.251054852320674
Chevrolet Sonic 1.6 Ltz At,2013,120000,U$S,5806,Lomas de Zamora - Bs.As. G.B.A. Sur,https://auto.mercadolibre.com.ar/MLA-915816720-chevrolet-sonic-16-ltz-at-2013-_JM#position=41&search_layout=grid&type=item&tracking_id=02347818-9a4f-4f33-9cc9-75d68148adc9,2.8892524974164657
Chevrolet Sonic 1.6 Ltz Mt,2013,78000,U$S,6451,Avellaneda - Bs.As. G.B.A. Sur,https://auto.mercadolibre.com.ar/MLA-918003825-chevrolet-sonic-16-ltz-mt-2013-_JM#position=42&search_layout=grid&type=item&tracking_id=02347818-9a4f-4f33-9cc9-75d68148adc9,4.000572362066704
Chevrolet Sonic 1.6 Ltz Mx,2017,35000,U$S,9000,Viedma - Río Negro,https://auto.mercadolibre.com.ar/MLA-913995567-chevrolet-sonic-16-ltz-mx-2017-_JM#position=43&search_layout=grid&type=item&tracking_id=02347818-9a4f-4f33-9cc9-75d68148adc9,6.4031746031746035
Chevrolet Sonic 1.6 Lt Mx 4 P,2015,120000,U$S,6000,Junín - Buenos Aires Interior,https://auto.mercadolibre.com.ar/MLA-918159410-chevrolet-sonic-_JM#position=44&search_layout=grid&type=item&tracking_id=02347818-9a4f-4f33-9cc9-75d68148adc9,2.798611111111111
Chevrolet Sonic 1.6 Ltz 4 P,2013,105000,U$S,5806,Pilar - Bs.As. G.B.A. Norte,https://auto.mercadolibre.com.ar/MLA-921919539-chevrolet-sonic-2013-16-ltz-4-p-_JM#position=45&search_layout=grid&type=item&tracking_id=02347818-9a4f-4f33-9cc9-75d68148adc9,3.3020028541902464
Chevrolet Sonic 1.6 Ltz Mt Mx,2015,51000,U$S,7677,Córdoba - Córdoba,https://auto.mercadolibre.com.ar/MLA-922031656-chevrolet-sonic-16-ltz-mt-mx-2015-_JM#position=46&search_layout=grid&type=item&tracking_id=02347818-9a4f-4f33-9cc9-75d68148adc9,5.146516076796747
Chevrolet Sonic 1.6 Ltz 5 P,2013,97000,U$S,5548,La Plata - Bs.As. G.B.A. Sur,https://auto.mercadolibre.com.ar/MLA-921657949-chevrolet-sonic-2013-16-ltz-5-p-_JM#position=47&search_layout=grid&type=item&tracking_id=02347818-9a4f-4f33-9cc9-75d68148adc9,3.740551066976862
Chevrolet Sonic 1.6 Lt Mx 4 P,2016,44000,U$S,7741,Lomas de Zamora - Bs.As. G.B.A. Sur,https://auto.mercadolibre.com.ar/MLA-918042867-chevrolet-sonic-16-lt-mx-4-p-2016-gnc-5ta-generecin-_JM#position=48&search_layout=grid&type=item&tracking_id=02347818-9a4f-4f33-9cc9-75d68148adc9,5.918897018238188
Chevrolet Sonic 1.6 Ltz 5 P,2013,109000,U$S,5612,Córdoba - Córdoba,https://auto.mercadolibre.com.ar/MLA-914742736-chevrolet-sonic-_JM#position=1&search_layout=grid&type=item&tracking_id=7a87200b-ff62-4930-8faf-a38c78efc935,3.29078579976067
Chevrolet Sonic 1.6 Ltz Mt Mx,2016,55000,U$S,8709,San Miguel - Bs.As. G.B.A. Norte,https://auto.mercadolibre.com.ar/MLA-919179481-vendo-chevrolet-sonic-ltz-4p-mtx-2016-_JM#position=2&search_layout=grid&type=item&tracking_id=7a87200b-ff62-4930-8faf-a38c78efc935,4.208812200544891
Chevrolet Sonic 1.6 Lt,2013,118000,U$S,5670,San Isidro - Bs.As. G.B.A. Norte,https://auto.mercadolibre.com.ar/MLA-922033252-chevrolet-sonic-16-lt-2013-_JM#position=3&search_layout=grid&type=item&tracking_id=7a87200b-ff62-4930-8faf-a38c78efc935,3.0086987714106357
Chevrolet Sonic 1.6 Ltz Mt Mx,2014,90000,U$S,6322,La Matanza - Bs.As. G.B.A. Oeste,https://auto.mercadolibre.com.ar/MLA-921525458-chevrolet-sonic-16-ltz-mt-mx-2014-_JM#position=4&search_layout=grid&type=item&tracking_id=7a87200b-ff62-4930-8faf-a38c78efc935,3.539667475130936
Chevrolet Sonic 1.6 Ltz At 5 P,2015,60500,U$S,7645,Capital Federal - Capital Federal,https://auto.mercadolibre.com.ar/MLA-921144085-chevrolet-sonic-16-ltz-at-5p-_JM#position=5&search_layout=grid&type=item&tracking_id=7a87200b-ff62-4930-8faf-a38c78efc935,4.356544816738645
Chevrolet Sonic 1.6 Lt,2014,55000,U$S,6322,Tres de febrero - Bs.As. G.B.A. Oeste,https://auto.mercadolibre.com.ar/MLA-916069342-chevrolet-sonic-lt-_JM#position=6&search_layout=grid&type=item&tracking_id=7a87200b-ff62-4930-8faf-a38c78efc935,5.79218314112335
Chevrolet Sonic 1.6 Lt,2013,115000,U$S,4967,Ituzaingó - Bs.As. G.B.A. Oeste,https://auto.mercadolibre.com.ar/MLA-921757172-chevrolet-sonic-16-lt-2013-_JM#position=7&search_layout=grid&type=item&tracking_id=7a87200b-ff62-4930-8faf-a38c78efc935,3.524128815399025
Chevrolet Sonic 1.6 Lt,2015,92000,U$S,7419,Avellaneda - Bs.As. G.B.A. Sur,https://auto.mercadolibre.com.ar/MLA-920530628-chevrolet-sonic-16-lt-2015-_JM#position=8&search_layout=grid&type=item&tracking_id=7a87200b-ff62-4930-8faf-a38c78efc935,2.9521733270041084
Chevrolet Sonic 1.6 Lt,2013,145000,U$S,5806,San Luis - San Luis,https://auto.mercadolibre.com.ar/MLA-918883974-chevrolet-sonic-16-lt-2013-_JM#position=9&search_layout=grid&type=item&tracking_id=7a87200b-ff62-4930-8faf-a38c78efc935,2.3911055151032823
Chevrolet Sonic 1.6 Lt,2013,112000,U$S,5161,Necochea - Bs.As. Costa Atlántica,https://auto.mercadolibre.com.ar/MLA-915510893-chevrolet-sonic-16-lt-2013-_JM#position=10&search_layout=grid&type=item&tracking_id=7a87200b-ff62-4930-8faf-a38c78efc935,3.4825061588285773
Chevrolet Sonic 1.6 Ltz 4 P,2013,102000,U$S,5935,Oberá - Misiones,https://auto.mercadolibre.com.ar/MLA-917329451-chevrolet-sonic-2013-16-ltz-4-p-_JM#position=11&search_layout=grid&type=item&tracking_id=7a87200b-ff62-4930-8faf-a38c78efc935,3.325239109965806
Chevrolet Sonic 1.6 Ltz At Mx 5 P,2017,90000,U$S,7096,Federación - Entre Ríos,https://auto.mercadolibre.com.ar/MLA-916803647-chevrolet-sonic-16-ltz-at-mx-5-p-2017-_JM#position=12&search_layout=grid&type=item&tracking_id=7a87200b-ff62-4930-8faf-a38c78efc935,3.1582738318927723
Chevrolet Sonic 1.6 Lt Mx 5 P,2014,110000,U$S,6129,Córdoba - Córdoba,https://auto.mercadolibre.com.ar/MLA-920835017-chevrolet-sonic-16-lt-2014-_JM#position=13&search_layout=grid&type=item&tracking_id=7a87200b-ff62-4930-8faf-a38c78efc935,2.9872884498435157
Chevrolet Sonic 1.6 Lt,2013,100000,U$S,5483,Capital Federal - Capital Federal,https://auto.mercadolibre.com.ar/MLA-920633057-chevrolet-sonic-_JM#position=14&search_layout=grid&type=item&tracking_id=7a87200b-ff62-4930-8faf-a38c78efc935,3.671347802298012
Chevrolet Sonic 1.6 Lt M/t Korea,2014,120000,U$S,5096,General San Martín - Bs.As. G.B.A. Norte,https://auto.mercadolibre.com.ar/MLA-921907227-chevrolet-sonic-16-lt-mt-korea-2014-_JM#position=15&search_layout=grid&type=item&tracking_id=7a87200b-ff62-4930-8faf-a38c78efc935,3.293432757718472
Chevrolet Sonic 1.6 Ltz 5 P,2013,135000,U$S,5161,Caseros - Santa Fe,https://auto.mercadolibre.com.ar/MLA-919439407-chevrolet-sonic-2013-16-ltz-5-p-_JM#position=16&search_layout=grid&type=item&tracking_id=7a87200b-ff62-4930-8faf-a38c78efc935,2.8891902947318564
Chevrolet Sonic 1.6 Ltz At Mx 5 P,2015,100000,U$S,6451,San Fernando - Bs.As. G.B.A. Norte,https://auto.mercadolibre.com.ar/MLA-915820249-chevrolet-sonic-16-ltz-at-mx-5-p-2015-_JM#position=17&search_layout=grid&type=item&tracking_id=7a87200b-ff62-4930-8faf-a38c78efc935,3.123546736940009
Chevrolet Sonic 1.6 Lt Mx 4 P,2015,44400,U$S,6451,Capital Federal - Capital Federal,https://auto.mercadolibre.com.ar/MLA-920948648-chevrolet-sonic-4-puertas-sedan-_JM#position=18&search_layout=grid&type=item&tracking_id=7a87200b-ff62-4930-8faf-a38c78efc935,7.0350151732883095
Chevrolet Sonic 1.6 Lt,2013,143000,U$S,5161,Córdoba - Córdoba,https://auto.mercadolibre.com.ar/MLA-917331464-chevrolet-sonic-16-lt-2013-_JM#position=19&search_layout=grid&type=item&tracking_id=7a87200b-ff62-4930-8faf-a38c78efc935,2.727557271250354
Chevrolet Sonic 1.6 Lt Mx 4 P,2014,110500,U$S,6451,Zárate - Buenos Aires Interior,https://auto.mercadolibre.com.ar/MLA-919790348-chevrolet-sonic-16-lt-mx-4-p-2014-_JM#position=20&search_layout=grid&type=item&tracking_id=7a87200b-ff62-4930-8faf-a38c78efc935,2.825336280249791
Chevrolet Sonic 1.6 Lt,2013,70000,U$S,5483,Avellaneda - Bs.As. G.B.A. Sur,https://auto.mercadolibre.com.ar/MLA-920579689-chevrolet-sonic-16-lt-2013-_JM#position=21&search_layout=grid&type=item&tracking_id=7a87200b-ff62-4930-8faf-a38c78efc935,5.244782574711445
Chevrolet Sonic 1.6 Lt Mx 4 P,2015,45000,U$S,5935,Corrientes - Corrientes,https://auto.mercadolibre.com.ar/MLA-919758666-chevrolet-sonic-2015-lt-45000-km-_JM#position=22&search_layout=grid&type=item&tracking_id=7a87200b-ff62-4930-8faf-a38c78efc935,7.54469718243939
Chevrolet Sonic 1.6 Ltz Effect Mt Mx,2015,65000,U$S,7096,Caseros - Bs.As. G.B.A. Oeste,https://auto.mercadolibre.com.ar/MLA-913834627-chevrolet-sonic-16-ltz-effect-mt-mx-2015-_JM#position=23&search_layout=grid&type=item&tracking_id=7a87200b-ff62-4930-8faf-a38c78efc935,4.368658399098083
Chevrolet Sonic 1.6 Lt,2016,50000,U$S,6387,Castelar - Bs.As. G.B.A. Oeste,https://auto.mercadolibre.com.ar/MLA-921039069-chevrolet-sonic-lt-4ptas-16-_JM#position=24&search_layout=grid&type=item&tracking_id=7a87200b-ff62-4930-8faf-a38c78efc935,6.312822921559417
Chevrolet Sonic 1.6 Ltz 5 P Manual,2012,116500,U$S,5483,Rosario - Santa Fe,https://auto.mercadolibre.com.ar/MLA-913959705-chevrolet-sonic-_JM#position=25&search_layout=grid&type=item&tracking_id=7a87200b-ff62-4930-8faf-a38c78efc935,3.149805994181
Chevrolet Sonic 1.6 Lt,2012,105000,U$S,5161,Capital Federal - Capital Federal,https://auto.mercadolibre.com.ar/MLA-919238875-chevrolet-sonic-16-lt-2012-_JM#position=26&search_layout=grid&type=item&tracking_id=7a87200b-ff62-4930-8faf-a38c78efc935,3.7128278941880954
Chevrolet Sonic 1.6 Lt,2013,97000,U$S,5483,Rosario - Santa Fe,https://auto.mercadolibre.com.ar/MLA-913529059-chevrolet-sonic-16-lt-2013-_JM#position=27&search_layout=grid&type=item&tracking_id=7a87200b-ff62-4930-8faf-a38c78efc935,3.784894641544342
Chevrolet Sonic 1.6 Ltz 5 P Manual,2012,94000,U$S,5161,Capital Federal - Capital Federal,https://auto.mercadolibre.com.ar/MLA-914800260-chevrolet-sonic-16-ltz-5p-_JM#position=28&search_layout=grid&type=item&tracking_id=7a87200b-ff62-4930-8faf-a38c78efc935,4.147307754146277
Chevrolet Sonic 1.6 Ltz Mt,2013,153000,U$S,5161,Lomas de Zamora - Bs.As. G.B.A. Sur,https://auto.mercadolibre.com.ar/MLA-914204782-chevrolet-sonic-16-ltz-mt-2013-_JM#position=29&search_layout=grid&type=item&tracking_id=7a87200b-ff62-4930-8faf-a38c78efc935,2.5492855541751673
Chevrolet Sonic 1.6 Lt,2016,59000,U$S,5870,San Fernando del Valle de Catamarca - Catamarca,https://auto.mercadolibre.com.ar/MLA-915605873-chevrolet-sonic-_JM#position=30&search_layout=grid&type=item&tracking_id=7a87200b-ff62-4930-8faf-a38c78efc935,5.821037738573038
Chevrolet Sonic 1.6 Lt,2014,116000,U$S,6000,Ituzaingó - Bs.As. G.B.A. Oeste,https://auto.mercadolibre.com.ar/MLA-920591178-chevrolet-sonic-lt-_JM#position=31&search_layout=grid&type=item&tracking_id=7a87200b-ff62-4930-8faf-a38c78efc935,2.8936781609195403
Chevrolet Sonic 1.6 Lt,2016,60000,U$S,7741,Ituzaingó - Bs.As. G.B.A. Oeste,https://auto.mercadolibre.com.ar/MLA-913395348-chevrolet-sonic-16-lt-2016-_JM#position=32&search_layout=grid&type=item&tracking_id=7a87200b-ff62-4930-8faf-a38c78efc935,4.3405244800413385
Chevrolet Sonic 1.6 Ltz At Mx 5 P,2016,42000,U$S,8387,Lomas de Zamora - Bs.As. G.B.A. Sur,https://auto.mercadolibre.com.ar/MLA-919506042-chevrolet-sonic-16-ltz-at-mx-5-p-2016-_JM#position=33&search_layout=grid&type=item&tracking_id=7a87200b-ff62-4930-8faf-a38c78efc935,5.723142959341839
Chevrolet Sonic 1.6 Ltz 5 P,2013,83000,U$S,5677,Tres de febrero - Bs.As. G.B.A. Oeste,https://auto.mercadolibre.com.ar/MLA-919801090-chevrolet-sonic-2013-16-ltz-5-p-_JM#position=34&search_layout=grid&type=item&tracking_id=7a87200b-ff62-4930-8faf-a38c78efc935,4.2721529061463395
Chevrolet Sonic 1.6 Lt,2013,115000,U$S,5161,C. del Uruguay - Entre Ríos,https://auto.mercadolibre.com.ar/MLA-916874637-chevrolet-sonic-16-lt-2013-_JM#position=35&search_layout=grid&type=item&tracking_id=7a87200b-ff62-4930-8faf-a38c78efc935,3.3916581720765273
Chevrolet Sonic 1.6 Ltz 4 P,2013,84000,U$S,5741,Lanús - Bs.As. G.B.A. Sur,https://auto.mercadolibre.com.ar/MLA-918249796-chevrolet-sonic-ltz-_JM#position=36&search_layout=grid&type=item&tracking_id=7a87200b-ff62-4930-8faf-a38c78efc935,4.174235449274641
Chevrolet Sonic 1.6 Ltz Mx,2017,47000,U$S,8064,La Plata - Bs.As. G.B.A. Sur,https://auto.mercadolibre.com.ar/MLA-919964047-chevrolet-sonic-ltz-_JM#position=37&search_layout=grid&type=item&tracking_id=7a87200b-ff62-4930-8faf-a38c78efc935,5.321787402904424
Chevrolet Sonic 1.6 Lt,2013,87000,U$S,5161,Capital Federal - Capital Federal,https://auto.mercadolibre.com.ar/MLA-918785725-chevrolet-sonic-16-lt-2013-_JM#position=38&search_layout=grid&type=item&tracking_id=7a87200b-ff62-4930-8faf-a38c78efc935,4.483226319411501
Chevrolet Sonic 1.6 Lt Mx 4 P,2014,84000,U$S,5354,La Matanza - Bs.As. G.B.A. Oeste,https://auto.mercadolibre.com.ar/MLA-916856676-chevrolet-sonic-16-lt-mx-4-p-2014-_JM#position=39&search_layout=grid&type=item&tracking_id=7a87200b-ff62-4930-8faf-a38c78efc935,4.478182756105804
Chevrolet Sonic 1.6 Ltz 5 P,2013,93000,U$S,6774,Vicente López - Bs.As. G.B.A. Norte,https://auto.mercadolibre.com.ar/MLA-919779819-chevrolet-sonic-2013-16-ltz-5-p-_JM#position=40&search_layout=grid&type=item&tracking_id=7a87200b-ff62-4930-8faf-a38c78efc935,3.195329390363534
Chevrolet Sonic 1.6 Lt,2013,109000,U$S,5322,Moreno - Bs.As. G.B.A. Oeste,https://auto.mercadolibre.com.ar/MLA-918793909-chevrolet-sonic-16-lt-2013-mt-_JM#position=41&search_layout=grid&type=item&tracking_id=7a87200b-ff62-4930-8faf-a38c78efc935,3.470103327368824
Chevrolet Sonic 1.6 Ltz At Mx 4 P,2016,70000,U$S,7419,Quilmes - Bs.As. G.B.A. Sur,https://auto.mercadolibre.com.ar/MLA-914954314-chevrolet-sonic-16-ltz-at-mx-4-p-2016-_JM#position=42&search_layout=grid&type=item&tracking_id=7a87200b-ff62-4930-8faf-a38c78efc935,3.8819247877072383
Chevrolet Sonic 1.6 Ltz 5p M,2014,68500,U$S,6387,Córdoba - Córdoba,https://auto.mercadolibre.com.ar/MLA-918250711-chevrolet-sonic-16-ltz-5p-m-_JM#position=43&search_layout=grid&type=item&tracking_id=7a87200b-ff62-4930-8faf-a38c78efc935,4.6033286134358224
Chevrolet Sonic 1.6 Lt Mx 4 P,2015,41000,U$S,6419,Capital Federal - Capital Federal,https://auto.mercadolibre.com.ar/MLA-919895580-chevrolet-sonic-16-lt-mx-4-p-2015-_JM#position=44&search_layout=grid&type=item&tracking_id=7a87200b-ff62-4930-8faf-a38c78efc935,7.65638595784618
Chevrolet Sonic 1.6 Lt,2015,94000,U$S,6445,Avellaneda - Bs.As. G.B.A. Sur,https://auto.mercadolibre.com.ar/MLA-920445649-chevrolet-sonic-16-lt-2015-_JM#position=45&search_layout=grid&type=item&tracking_id=7a87200b-ff62-4930-8faf-a38c78efc935,3.3260155489163625
Chevrolet Sonic 1.6 Lt,2014,30000,U$S,6387,Morón - Bs.As. G.B.A. Oeste,https://auto.mercadolibre.com.ar/MLA-918736077-chevrolet-sonic-16-lt-2014-_JM#position=46&search_layout=grid&type=item&tracking_id=7a87200b-ff62-4930-8faf-a38c78efc935,10.510933667345128
Chevrolet Sonic 1.6 Ltz Mt,2013,92000,U$S,5806,La Matanza - Bs.As. G.B.A. Oeste,https://auto.mercadolibre.com.ar/MLA-913627262-chevrolet-sonic-16-ltz-mt-2013-_JM#position=47&search_layout=grid&type=item&tracking_id=7a87200b-ff62-4930-8faf-a38c78efc935,3.768590214021477
Chevrolet Sonic 1.6 Lt,2014,99200,U$S,5419,Vicente López - Bs.As. G.B.A. Norte,https://auto.mercadolibre.com.ar/MLA-914454894-chevrolet-sonic-16-lt-2014-_JM#position=48&search_layout=grid&type=item&tracking_id=7a87200b-ff62-4930-8faf-a38c78efc935,3.7465250700938753
Chevrolet Sonic 1.6 Ltz 5 P,2016,57000,U$S,8064,San Miguel - Bs.As. G.B.A. Norte,https://auto.mercadolibre.com.ar/MLA-918639791-chevrolet-sonic-16-ltz-5-p-2016-_JM#position=1&search_layout=grid&type=item&tracking_id=86d7e099-2938-4ffe-a885-d842f924a6f2,4.385964912280701
Chevrolet Sonic 1.6 Ltz Mt,2013,142000,U$S,5290,Córdoba - Córdoba,https://auto.mercadolibre.com.ar/MLA-917237958-chevrolet-sonic-16-ltz-mt-2013-_JM#position=2&search_layout=grid&type=item&tracking_id=86d7e099-2938-4ffe-a885-d842f924a6f2,2.679783806810618
Chevrolet Sonic 1.6 Ltz At 4 P,2017,59000,U$S,8193,Santa Teresita - Bs.As. Costa Atlántica,https://auto.mercadolibre.com.ar/MLA-918079881-chevrolet-sonic-16-ltz-at-4-p-2017-_JM#position=3&search_layout=grid&type=item&tracking_id=86d7e099-2938-4ffe-a885-d842f924a6f2,4.172640141336031
Chevrolet Sonic 1.6 Ltz 5 P,2016,68000,U$S,7741,Paraná - Entre Ríos,https://auto.mercadolibre.com.ar/MLA-917539947-chevrolet-sonic-16-ltz-5-p-2016-_JM#position=4&search_layout=grid&type=item&tracking_id=86d7e099-2938-4ffe-a885-d842f924a6f2,3.8298745412129453
Chevrolet Sonic 1.6 Lt,2012,125000,U$S,4903,Capital Federal - Capital Federal,https://auto.mercadolibre.com.ar/MLA-916087180-chevrolet-sonic-16-lt-2012-_JM#position=5&search_layout=grid&type=item&tracking_id=86d7e099-2938-4ffe-a885-d842f924a6f2,3.2828880277381196
Chevrolet Sonic 1.6 Ltz Effect Mt Mx,2015,38000,U$S,8387,Capital Federal - Capital Federal,https://auto.mercadolibre.com.ar/MLA-918158848-chevrolet-sonic-16-ltz-effect-_JM#position=6&search_layout=grid&type=item&tracking_id=86d7e099-2938-4ffe-a885-d842f924a6f2,6.322441372299235
Chevrolet Sonic 1.6 Lt,2012,96000,U$S,5290,Lanús - Bs.As. G.B.A. Sur,https://auto.mercadolibre.com.ar/MLA-918000899-chevrolet-sonic-16-lt-2012-_JM#position=7&search_layout=grid&type=item&tracking_id=86d7e099-2938-4ffe-a885-d842f924a6f2,3.961877756773787
Chevrolet Sonic 1.6 Ltz,2012,60000,U$S,5806,La Matanza - Bs.As. G.B.A. Oeste,https://auto.mercadolibre.com.ar/MLA-919033304-chevrolet-sonic-16-ltz-2012-_JM#position=8&search_layout=grid&type=item&tracking_id=86d7e099-2938-4ffe-a885-d842f924a6f2,5.775634401194167
Chevrolet Sonic 1.6 Ltz 5 P,2013,90000,U$S,6129,Córdoba - Córdoba,https://auto.mercadolibre.com.ar/MLA-913408115-chevrolet-sonic-2013-16-ltz-5-p-_JM#position=9&search_layout=grid&type=item&tracking_id=86d7e099-2938-4ffe-a885-d842f924a6f2,3.649317452547996
Chevrolet Sonic 1.6 Ltz Mt Mx,2014,84000,U$S,6193,Lanús - Bs.As. G.B.A. Sur,https://auto.mercadolibre.com.ar/MLA-914679917-chevrolet-sonic-16-ltz-mt-mx-2014-_JM#position=10&search_layout=grid&type=item&tracking_id=86d7e099-2938-4ffe-a885-d842f924a6f2,3.8714985429017403
Chevrolet Sonic 1.6 Lt,2012,98000,U$S,5677,Paraná - Entre Ríos,https://auto.mercadolibre.com.ar/MLA-919596436-chevrolet-sonic-16-lt-2012-_JM#position=11&search_layout=grid&type=item&tracking_id=86d7e099-2938-4ffe-a885-d842f924a6f2,3.6164545085252704
Chevrolet Sonic 1.6 Ltz At,2013,173000,U$S,4645,Neuquén - Neuquén,https://auto.mercadolibre.com.ar/MLA-918197106-chevrolet-sonic-16-ltz-at-2013-_JM#position=12&search_layout=grid&type=item&tracking_id=86d7e099-2938-4ffe-a885-d842f924a6f2,2.5050243595885937
Chevrolet Sonic 1.6 Lt,2013,75000,U$S,5483,Tres de febrero - Bs.As. G.B.A. Oeste,https://auto.mercadolibre.com.ar/MLA-918266632-chevrolet-sonic-2013-_JM#position=13&search_layout=grid&type=item&tracking_id=86d7e099-2938-4ffe-a885-d842f924a6f2,4.895130403064017
Chevrolet Sonic 1.6 Lt,2016,77000,U$S,6774,Hurlingham - Bs.As. G.B.A. Oeste,https://auto.mercadolibre.com.ar/MLA-918098513-chevrolet-sonic-16-lt-2016-_JM#position=14&search_layout=grid&type=item&tracking_id=86d7e099-2938-4ffe-a885-d842f924a6f2,3.865045494806345
Chevrolet Sonic 1.6 Ltz Mt,2014,110000,U$S,5935,Florencio Varela - Bs.As. G.B.A. Sur,https://auto.mercadolibre.com.ar/MLA-914969738-chevrolet-sonic-16-ltz-_JM#position=15&search_layout=grid&type=item&tracking_id=86d7e099-2938-4ffe-a885-d842f924a6f2,3.08493528375584
Chevrolet Sonic 1.6 Ltz Mt Mx,2016,51000,U$S,8774,Pilar - Bs.As. G.B.A. Norte,https://auto.mercadolibre.com.ar/MLA-918787038-chevrolet-sonic-_JM#position=16&search_layout=grid&type=item&tracking_id=86d7e099-2938-4ffe-a885-d842f924a6f2,4.505289692808968
Chevrolet Sonic 1.6 Ltz,2012,130000,U$S,5225,Castelar - Bs.As. G.B.A. Oeste,https://auto.mercadolibre.com.ar/MLA-913737522-chevrolet-sonic-16-ltz-2012-vendo-o-permuto-_JM#position=17&search_layout=grid&type=item&tracking_id=86d7e099-2938-4ffe-a885-d842f924a6f2,2.962090541037909
Chevrolet Sonic 1.6 Ltz 5 P,2013,142500,U$S,5290,Córdoba - Córdoba,https://auto.mercadolibre.com.ar/MLA-920112071-chevrolet-sonic-2013-16-ltz-5-p-_JM#position=18&search_layout=grid&type=item&tracking_id=86d7e099-2938-4ffe-a885-d842f924a6f2,2.6703810566112822
Chevrolet Sonic 1.6 Ltz At Mx 5 P,2015,88000,U$S,6322,La Matanza - Bs.As. G.B.A. Oeste,https://auto.mercadolibre.com.ar/MLA-920344543-chevrolet-sonic-16-ltz-at-mx-5-p-2015-_JM#position=19&search_layout=grid&type=item&tracking_id=86d7e099-2938-4ffe-a885-d842f924a6f2,3.621911938109344
Chevrolet Sonic 1.6 Ltz 5 P,2016,43000,U$S,5161,Resistencia - Chaco,https://auto.mercadolibre.com.ar/MLA-920866880-chevrolet-sonic-16-ltz-5-p-2016-_JM#position=20&search_layout=grid&type=item&tracking_id=86d7e099-2938-4ffe-a885-d842f924a6f2,9.084231918277961
Chevrolet Sonic 1.6 Ltz At,2013,106000,U$S,5806,Constitución - Santa Fe,https://auto.mercadolibre.com.ar/MLA-916776160-chevrolet-sonic-ltz-at-2013-_JM#position=21&search_layout=grid&type=item&tracking_id=86d7e099-2938-4ffe-a885-d842f924a6f2,3.270851883867697
Chevrolet Sonic 1.6 Lt Nafta Con Gnc,2012,156000,U$S,6451,Ramallo - Buenos Aires Interior,https://auto.mercadolibre.com.ar/MLA-920857915-chevrolet-sonic-16-lt-nafta-con-gnc-_JM#position=22&search_layout=grid&type=item&tracking_id=86d7e099-2938-4ffe-a885-d842f924a6f2,1.9992924968897687
Chevrolet Sonic 1.6 Lt Mx 5 P,2014,54000,U$S,6290,Capital Federal - Capital Federal,https://auto.mercadolibre.com.ar/MLA-913829286-chevrolet-sonic-16-lt-mx-5-p-2014-_JM#position=23&search_layout=grid&type=item&tracking_id=86d7e099-2938-4ffe-a885-d842f924a6f2,5.929458870635341
Chevrolet Sonic 1.6 Ltz,2018,39900,U$S,9354,Capital Federal - Capital Federal,https://auto.mercadolibre.com.ar/MLA-914919415-chevrolet-sonic-16-ltz-_JM#position=24&search_layout=grid&type=item&tracking_id=86d7e099-2938-4ffe-a885-d842f924a6f2,5.406931911776448
Chevrolet Sonic 1.6 Ltz 5 P Manual,2012,113000,U$S,5483,Vicente López - Bs.As. G.B.A. Norte,https://auto.mercadolibre.com.ar/MLA-918822777-chevrolet-sonic-16-ltz-5-p-manual-_JM#position=25&search_layout=grid&type=item&tracking_id=86d7e099-2938-4ffe-a885-d842f924a6f2,3.2473663568326234
Chevrolet Sonic 1.6 Ltz At,2013,72400,U$S,5774,Escalante - Chubut,https://auto.mercadolibre.com.ar/MLA-918110457-chevrolet-sonic-2013-ltz-autom-_JM#position=26&search_layout=grid&type=item&tracking_id=86d7e099-2938-4ffe-a885-d842f924a6f2,4.815356322015053
Chevrolet Sonic 1.6 Lt,2013,93000,U$S,5161,San Miguel - Bs.As. G.B.A. Norte,https://auto.mercadolibre.com.ar/MLA-918149390-chevrolet-sonic-16-lt-2013-_JM#position=27&search_layout=grid&type=item&tracking_id=86d7e099-2938-4ffe-a885-d842f924a6f2,4.193985911707534
Chevrolet Sonic 1.6 Ltz At,2013,107000,U$S,5806,Guaraní - Misiones,https://auto.mercadolibre.com.ar/MLA-914527042-chevrolet-sonic-16-ltz-at-2013-_JM#position=28&search_layout=grid&type=item&tracking_id=86d7e099-2938-4ffe-a885-d842f924a6f2,3.240283174672672
Chevrolet Sonic 1.6 Ltz 5 P Manual,2012,130000,U$S,5806,Capital Federal - Capital Federal,https://auto.mercadolibre.com.ar/MLA-917526807-chevrolet-sonic-2012-16-ltz-5-p-manual-_JM#position=29&search_layout=grid&type=item&tracking_id=86d7e099-2938-4ffe-a885-d842f924a6f2,2.6656774159357695
Chevrolet Sonic 1.6 Lt,2012,130000,U$S,4516,Capital Federal - Capital Federal,https://auto.mercadolibre.com.ar/MLA-916990188-chevrolet-sonic-16-lt-2012-_JM#position=30&search_layout=grid&type=item&tracking_id=86d7e099-2938-4ffe-a885-d842f924a6f2,3.4271308850582547
Chevrolet Sonic 1.6 Lt,2013,100000,U$S,5032,Quilmes - Bs.As. G.B.A. Sur,https://auto.mercadolibre.com.ar/MLA-916304601-chevrolet-sonic-16-lt-2013-_JM#position=31&search_layout=grid&type=item&tracking_id=86d7e099-2938-4ffe-a885-d842f924a6f2,4.000397456279809
Chevrolet Sonic 1.6 Ltz At 4 P,2017,115000,U$S,5806,La Matanza - Bs.As. G.B.A. Oeste,https://auto.mercadolibre.com.ar/MLA-918498350-chevrolet-sonic-16-ltz-at-4-p-2017-_JM#position=32&search_layout=grid&type=item&tracking_id=86d7e099-2938-4ffe-a885-d842f924a6f2,3.0208629753328644
Chevrolet Sonic 1.6 Lt,2013,105000,U$S,5225,San Isidro - Bs.As. G.B.A. Norte,https://auto.mercadolibre.com.ar/MLA-901195090-chevrolet-sonic-16-lt-2013-_JM#position=33&search_layout=grid&type=item&tracking_id=86d7e099-2938-4ffe-a885-d842f924a6f2,3.669172932330827
Chevrolet Sonic 1.6 Ltz Mx,2016,54000,U$S,8064,Capital Federal - Capital Federal,https://auto.mercadolibre.com.ar/MLA-920347384-chevrolet-sonic-16-ltz-mx-2016-_JM#position=34&search_layout=grid&type=item&tracking_id=86d7e099-2938-4ffe-a885-d842f924a6f2,4.62962962962963
